Score,Peo,Caca
10/12/24,0,asfd
25-10-19,0,asdf
30/12/19,0,asas√±lkdfj
15-10-24,10,hola
15-10-24,10,hola
15-10-24,10,hola
15-10-24,10,hola
15-10-24,10,hola
15-10-24,10,hola
15-10-24,10,hola
15-10-24,10,hola
15-10-24,10,hola
15-10-24,10,hola
15-10-24,10,hola
15-10-24,10,hola
15-10-24,10,hola
15-10-24,10,hola
15-10-24,10,hola
15-10-24,10,hola
15-10-24,10,hola
15-10-24,10,hola
15-10-24,10,hola
15-10-24,10,hola
15-10-24,10,hola
15-10-24,10,hola
15-10-24,10,hola
15-10-24,10,hola
15-10-24,10,hola
15-10-24,10,hola
15-10-24,10,hola
15-10-24,10,hola
15-10-24,10,hola
15-10-24,10,hola
15-10-24,10,hola
15-10-24,10,hola
15-10-24,10,hola
15-10-24,10,hola
15-10-24,10,hola
15-10-24,10,hola
15-10-24,10,hola
15-10-24,10,hola
15-10-24,10,hola
15-10-24,10,hola
15-10-24,10,hola
15-10-24,10,hola
15-10-24,10,hola
15-10-24,10,hola
15-10-24,10,hola
15-10-24,10,hola
15-10-24,10,hola
15-10-24,10,hola
15-10-24,10,hola
15-10-24,10,hola
15-10-24,10,hola
15-10-24,10,hola
15-10-24,10,hola
15-10-24,10,hola
15-10-24,10,hola
15-10-24,10,hola
15-10-24,10,hola
15-10-24,10,hola
15-10-24,10,hola
15-10-24,10,hola
15-10-24,10,hola
15-10-24,10,hola
15-10-24,10,hola
15-10-24,10,hola
15-10-24,10,hola
15-10-24,10,hola
15-10-24,10,hola
15-10-24,10,hola
15-10-24,10,hola
15-10-24,10,hola
15-10-24,10,hola
15-10-24,10,hola
15-10-24,10,hola
15-10-24,10,hola
15-10-24,10,hola
15-10-24,10,hola
15-10-24,10,hola
15-10-24,10,hola
15-10-24,10,hola
15-10-24,10,hola
15-10-24,10,hola
15-10-24,10,hola
15-10-24,10,hola
15-10-24,10,hola
15-10-24,10,hola
15-10-24,10,hola
15-10-24,10,hola
15-10-24,10,hola
15-10-24,10,hola
15-10-24,10,hola
15-10-24,10,hola
15-10-24,10,hola
15-10-24,10,hola
15-10-24,10,hola
15-10-24,10,hola
15-10-24,10,hola
15-10-24,10,hola
15-10-24,10,hola
15-10-24,10,hola
15-10-24,10,hola

